Cell,Plane,Engine,Crew
A1-1,Empty,,
A1-2,Empty,,
A1-3,Empty,,
A1-4,Empty,,
A2-1,Empty,,
A2-2,Empty,,
A2-3,Empty,,
A2-4,Empty,,
A3-1,PortWing_Rear,,
A3-2,PortWing_Front,,
A3-3,PortWing_Rear,,
A3-4,PortWing_Rear,,
A4-1,Empty,,
A4-2,Empty,,
A4-3,Empty,,
A4-4,Empty,,
A5-1,Empty,,
A5-2,Empty,,
A5-3,Empty,,
A5-4,Empty,,
A6-1,Empty,,
A6-2,Empty,,
A6-3,Empty,,
A6-4,Empty,,
B1-1,Empty,,
B1-2,Empty,,
B1-3,Empty,,
B1-4,Empty,,
B2-1,Empty,,
B2-2,Empty (Engine Running Token - Visual only),,
B2-3,Empty,,
B2-4,NosePort,Engine 1 Front,
B3-1,PortWing_Front,,
B3-2,PortWing_Front,Engine 1 Back,
B3-3,PortWing_Rear,,
B3-4,PortWing_Rear,,
B4-1,Empty,,
B4-2,Empty,,
B4-3,Empty,,
B4-4,Empty,,
B5-1,Empty,,
B5-2,Empty,,
B5-3,Empty,,
B5-4,Tail,,
B6-1,Empty,,
B6-2,Empty,,
B6-3,Empty,,
B6-4,Empty,,
C1-1,Empty,,
C1-2,Empty,,
C1-3,Empty (Engine Running Token - Visual only),,
C1-4,NosePort,,Navigator
C2-1,NosePort,Engine 2 Front,
C2-2,NosePort,,Pilot
C2-3,NosePort,Engine 2 Back,
C2-4,NosePort,,Top-Turret 1
C3-1,PortWing_Front,,
C3-2,PortWing_Front,,Radio Op 1
C3-3,PortWing_Rear,,
C3-4,PortWing_Front,,Ball Turret 1
C4-1,Empty,,
C4-2,Fuselage,,Left Waist 1
C4-3,Empty,,
C4-4,Fuselage,,Left Waist 2
C5-1,Fuselage,,
C5-2,Fuselage,,
C5-3,Tail,,
C5-4,Tail,,
C6-1,Empty,,
C6-2,Tail,,Tail Gunner 1
C6-3,Empty,,
C6-4,Empty,,
D1-1,Empty,,
D1-2,Empty,,
D1-3,NoseStarboard,,Bombardier
D1-4,Empty (Engine Running Token - Visual only),,
D2-1,NoseStarboard,,Copilot
D2-2,NoseStarboard,Engine 3 Front,
D2-3,NoseStarboard,,Top-Turret 2
D2-4,NoseStarboard,Engine 3 Back,
D3-1,StarboardWing_Front,,Radio Op 2
D3-2,StarboardWing_Front,,
D3-3,StarboardWing_Front,,Ball Turret 2
D3-4,StarboardWing_Rear,,
D4-1,Fuselage,,Right Waist 1
D4-2,Empty,,
D4-3,Fuselage,,Right Waist 2
D4-4,Empty,,
D5-1,Fuselage,,
D5-2,Fuselage,,
D5-3,Tail,,
D5-4,Tail,,
D6-1,Tail,,Tail Gunner 2
D6-2,Empty,,
D6-3,Empty,,
D6-4,Empty,,
E1-1,Empty,,
E1-2,Empty,,
E1-3,Empty,,
E1-4,Empty,,
E2-1,Empty (Engine Running Token - Visual only),,
E2-2,Empty,,
E2-3,NoseStarboard,Engine 4 Front,
E2-4,Empty,,
E3-1,StarboardWing_Front,Engine 4 Back,
E3-2,StarboardWing_Front,,
E3-3,StarboardWing_Rear,,
E3-4,StarboardWing_Rear,,
E4-1,Empty,,
E4-2,Empty,,
E4-3,Empty,,
E4-4,Empty,,
E5-1,Empty,,
E5-2,Empty,,
E5-3,Tail,,
E5-4,Empty,,
E6-1,Empty,,
E6-2,Empty,,
E6-3,Empty,,
E6-4,Empty,,
F1-1,Empty,,
F1-2,Empty,,
F1-3,Empty,,
F1-4,Empty,,
F2-1,Empty,,
F2-2,Empty,,
F2-3,Empty,,
F2-4,Empty,,
F3-1,StarboardWing_Front,,
F3-2,StarboardWing_Rear,,
F3-3,StarboardWing_Rear,,
F3-4,StarboardWing_Rear,,
F4-1,Empty,,
F4-2,Empty,,
F4-3,Empty,,
F4-4,Empty,,
F5-1,Empty,,
F5-2,Empty,,
F5-3,Empty,,
F5-4,Empty,,
F6-1,Empty,,
F6-2,Empty,,
F6-3,Empty,,
F6-4,Empty,,
